<?xml version="1.0" encoding="UTF-8"?>
<tables>
  <table name="tl_theme">
    <row>
      <field name="id">1</field>
      <field name="tstamp">1696846462</field>
      <field name="name">CTM Demo</field>
      <field name="author">contao-thememanager.com</field>
      <field name="folders">NULL</field>
      <field name="screenshot">NULL</field>
      <field name="templates"></field>
      <field name="skinSourceFiles">NULL</field>
      <field name="combineSkinFiles"></field>
      <field name="outputFilesTargetDir">files/theme</field>
      <field name="backupFiles"></field>
      <field name="themeConfig">a:411:{s:15:"browser-context";s:2:"16";s:7:"body-bg";s:6:"ffffff";s:13:"border-radius";s:99:"a:5:{s:6:"bottom";s:0:"";s:4:"left";s:0:"";s:5:"right";s:0:"";s:3:"top";s:1:"0";s:4:"unit";s:0:"";}";s:7:"primary";s:6:"5fa799";s:9:"secondary";s:6:"f4bb1e";s:5:"light";s:6:"f2f8f7";s:4:"dark";s:6:"15545f";s:16:"font-family-base";s:17:"Arial, sans-serif";s:14:"font-size-base";s:47:"a:2:{s:4:"unit";s:2:"px";s:5:"value";s:2:"16";}";s:16:"line-height-base";s:5:"1.687";s:18:"text-color-regular";s:6:"393939";s:17:"text-color-invert";s:6:"ffffff";s:16:"font-weight-base";s:3:"400";s:17:"font-weight-light";s:3:"300";s:19:"font-weight-regular";s:3:"400";s:18:"font-weight-medium";s:3:"500";s:20:"font-weight-semibold";s:3:"600";s:16:"font-weight-bold";s:3:"700";s:18:"strong-font-weight";s:17:"$font-weight-bold";s:20:"line-height-headline";s:3:"1.2";s:18:"h1-font-size-small";s:49:"a:2:{s:4:"unit";s:3:"rem";s:5:"value";s:3:"1.5";}";s:19:"h1-font-size-medium";s:50:"a:2:{s:4:"unit";s:3:"rem";s:5:"value";s:4:"2.02";}";s:12:"h1-font-size";s:49:"a:2:{s:4:"unit";s:3:"rem";s:5:"value";s:3:"2.8";}";s:14:"h1-line-height";s:21:"$line-height-headline";s:18:"h2-font-size-small";s:50:"a:2:{s:4:"unit";s:3:"rem";s:5:"value";s:4:"1.35";}";s:19:"h2-font-size-medium";s:51:"a:2:{s:4:"unit";s:3:"rem";s:5:"value";s:5:"1.685";}";s:12:"h2-font-size";s:51:"a:2:{s:4:"unit";s:3:"rem";s:5:"value";s:5:"2.187";}";s:14:"h2-line-height";s:21:"$line-height-headline";s:18:"h3-font-size-small";s:51:"a:2:{s:4:"unit";s:3:"rem";s:5:"value";s:5:"1.187";}";s:19:"h3-font-size-medium";s:51:"a:2:{s:4:"unit";s:3:"rem";s:5:"value";s:5:"1.287";}";s:12:"h3-font-size";s:51:"a:2:{s:4:"unit";s:3:"rem";s:5:"value";s:5:"1.437";}";s:14:"h3-line-height";s:21:"$line-height-headline";s:18:"h4-font-size-small";s:50:"a:2:{s:4:"unit";s:3:"rem";s:5:"value";s:4:"1.12";}";s:19:"h4-font-size-medium";s:51:"a:2:{s:4:"unit";s:3:"rem";s:5:"value";s:5:"1.172";}";s:12:"h4-font-size";s:50:"a:2:{s:4:"unit";s:3:"rem";s:5:"value";s:4:"1.25";}";s:14:"h4-line-height";s:21:"$line-height-headline";s:18:"h5-font-size-small";s:51:"a:2:{s:4:"unit";s:3:"rem";s:5:"value";s:5:"1.031";}";s:19:"h5-font-size-medium";s:51:"a:2:{s:4:"unit";s:3:"rem";s:5:"value";s:5:"1.069";}";s:12:"h5-font-size";s:51:"a:2:{s:4:"unit";s:3:"rem";s:5:"value";s:5:"1.125";}";s:14:"h5-line-height";s:21:"$line-height-headline";s:18:"h6-font-size-small";s:47:"a:2:{s:4:"unit";s:3:"rem";s:5:"value";s:1:"1";}";s:19:"h6-font-size-medium";s:47:"a:2:{s:4:"unit";s:3:"rem";s:5:"value";s:1:"1";}";s:12:"h6-font-size";s:47:"a:2:{s:4:"unit";s:3:"rem";s:5:"value";s:1:"1";}";s:14:"h6-line-height";s:21:"$line-height-headline";s:8:"h1-color";s:19:"$text-color-regular";s:15:"h1-color-invert";s:18:"$text-color-invert";s:14:"h1-font-weight";s:17:"$font-weight-bold";s:17:"h1-letter-spacing";s:47:"a:2:{s:4:"unit";s:3:"rem";s:5:"value";s:1:"0";}";s:12:"h1-transform";s:4:"none";s:8:"h2-color";s:19:"$text-color-regular";s:15:"h2-color-invert";s:18:"$text-color-invert";s:14:"h2-font-weight";s:17:"$font-weight-bold";s:17:"h2-letter-spacing";s:47:"a:2:{s:4:"unit";s:3:"rem";s:5:"value";s:1:"0";}";s:12:"h2-transform";s:4:"none";s:8:"h3-color";s:19:"$text-color-regular";s:15:"h3-color-invert";s:18:"$text-color-invert";s:14:"h3-font-weight";s:17:"$font-weight-bold";s:17:"h3-letter-spacing";s:47:"a:2:{s:4:"unit";s:3:"rem";s:5:"value";s:1:"0";}";s:12:"h3-transform";s:4:"none";s:8:"h4-color";s:19:"$text-color-regular";s:15:"h4-color-invert";s:18:"$text-color-invert";s:14:"h4-font-weight";s:17:"$font-weight-bold";s:17:"h4-letter-spacing";s:47:"a:2:{s:4:"unit";s:3:"rem";s:5:"value";s:1:"0";}";s:12:"h4-transform";s:4:"none";s:8:"h5-color";s:19:"$text-color-regular";s:15:"h5-color-invert";s:18:"$text-color-invert";s:14:"h5-font-weight";s:17:"$font-weight-bold";s:17:"h5-letter-spacing";s:47:"a:2:{s:4:"unit";s:3:"rem";s:5:"value";s:1:"0";}";s:12:"h5-transform";s:4:"none";s:8:"h6-color";s:19:"$text-color-regular";s:15:"h6-color-invert";s:18:"$text-color-invert";s:14:"h6-font-weight";s:17:"$font-weight-bold";s:17:"h6-letter-spacing";s:47:"a:2:{s:4:"unit";s:3:"rem";s:5:"value";s:1:"0";}";s:12:"h6-transform";s:4:"none";s:26:"h1-content-font-size-small";s:49:"a:2:{s:4:"unit";s:3:"rem";s:5:"value";s:3:"1.5";}";s:27:"h1-content-font-size-medium";s:50:"a:2:{s:4:"unit";s:3:"rem";s:5:"value";s:4:"1.86";}";s:20:"h1-content-font-size";s:49:"a:2:{s:4:"unit";s:3:"rem";s:5:"value";s:3:"2.4";}";s:22:"h1-content-line-height";s:15:"$h1-line-height";s:26:"h2-content-font-size-small";s:50:"a:2:{s:4:"unit";s:3:"rem";s:5:"value";s:4:"1.35";}";s:27:"h2-content-font-size-medium";s:50:"a:2:{s:4:"unit";s:3:"rem";s:5:"value";s:4:"1.57";}";s:20:"h2-content-font-size";s:49:"a:2:{s:4:"unit";s:3:"rem";s:5:"value";s:3:"1.9";}";s:22:"h2-content-line-height";s:15:"$h2-line-height";s:26:"h3-content-font-size-small";s:51:"a:2:{s:4:"unit";s:3:"rem";s:5:"value";s:5:"1.187";}";s:27:"h3-content-font-size-medium";s:51:"a:2:{s:4:"unit";s:3:"rem";s:5:"value";s:5:"1.287";}";s:20:"h3-content-font-size";s:51:"a:2:{s:4:"unit";s:3:"rem";s:5:"value";s:5:"1.437";}";s:22:"h3-content-line-height";s:15:"$h3-line-height";s:26:"h4-content-font-size-small";s:50:"a:2:{s:4:"unit";s:3:"rem";s:5:"value";s:4:"1.12";}";s:27:"h4-content-font-size-medium";s:51:"a:2:{s:4:"unit";s:3:"rem";s:5:"value";s:5:"1.172";}";s:20:"h4-content-font-size";s:50:"a:2:{s:4:"unit";s:3:"rem";s:5:"value";s:4:"1.25";}";s:22:"h4-content-line-height";s:15:"$h4-line-height";s:26:"h5-content-font-size-small";s:51:"a:2:{s:4:"unit";s:3:"rem";s:5:"value";s:5:"1.031";}";s:27:"h5-content-font-size-medium";s:51:"a:2:{s:4:"unit";s:3:"rem";s:5:"value";s:5:"1.069";}";s:20:"h5-content-font-size";s:51:"a:2:{s:4:"unit";s:3:"rem";s:5:"value";s:5:"1.125";}";s:22:"h5-content-line-height";s:15:"$h5-line-height";s:26:"h6-content-font-size-small";s:47:"a:2:{s:4:"unit";s:3:"rem";s:5:"value";s:1:"1";}";s:27:"h6-content-font-size-medium";s:47:"a:2:{s:4:"unit";s:3:"rem";s:5:"value";s:1:"1";}";s:20:"h6-content-font-size";s:47:"a:2:{s:4:"unit";s:3:"rem";s:5:"value";s:1:"1";}";s:22:"h6-content-line-height";s:15:"$h6-line-height";s:16:"h1-content-color";s:9:"$h1-color";s:23:"h1-content-color-invert";s:16:"$h1-color-invert";s:22:"h1-content-font-weight";s:15:"$h1-font-weight";s:25:"h1-content-letter-spacing";s:47:"a:2:{s:4:"unit";s:3:"rem";s:5:"value";s:1:"0";}";s:20:"h1-content-transform";s:4:"none";s:16:"h2-content-color";s:9:"$h2-color";s:23:"h2-content-color-invert";s:16:"$h2-color-invert";s:22:"h2-content-font-weight";s:15:"$h2-font-weight";s:25:"h2-content-letter-spacing";s:47:"a:2:{s:4:"unit";s:3:"rem";s:5:"value";s:1:"0";}";s:20:"h2-content-transform";s:4:"none";s:16:"h3-content-color";s:9:"$h3-color";s:23:"h3-content-color-invert";s:16:"$h3-color-invert";s:22:"h3-content-font-weight";s:15:"$h3-font-weight";s:25:"h3-content-letter-spacing";s:47:"a:2:{s:4:"unit";s:3:"rem";s:5:"value";s:1:"0";}";s:20:"h3-content-transform";s:4:"none";s:16:"h4-content-color";s:9:"$h4-color";s:23:"h4-content-color-invert";s:16:"$h4-color-invert";s:22:"h4-content-font-weight";s:15:"$h4-font-weight";s:25:"h4-content-letter-spacing";s:47:"a:2:{s:4:"unit";s:3:"rem";s:5:"value";s:1:"0";}";s:20:"h4-content-transform";s:4:"none";s:16:"h5-content-color";s:9:"$h5-color";s:23:"h5-content-color-invert";s:16:"$h5-color-invert";s:22:"h5-content-font-weight";s:15:"$h5-font-weight";s:25:"h5-content-letter-spacing";s:47:"a:2:{s:4:"unit";s:3:"rem";s:5:"value";s:1:"0";}";s:20:"h5-content-transform";s:4:"none";s:16:"h6-content-color";s:9:"$h6-color";s:23:"h6-content-color-invert";s:16:"$h6-color-invert";s:22:"h6-content-font-weight";s:15:"$h6-font-weight";s:25:"h6-content-letter-spacing";s:47:"a:2:{s:4:"unit";s:3:"rem";s:5:"value";s:1:"0";}";s:20:"h6-content-transform";s:4:"none";s:16:"headline-spacing";s:47:"a:2:{s:4:"unit";s:3:"rem";s:5:"value";s:1:"1";}";s:22:"headline-spacing-small";s:47:"a:2:{s:4:"unit";s:3:"rem";s:5:"value";s:1:"1";}";s:24:"headline-spacing-s-small";s:50:"a:2:{s:4:"unit";s:3:"rem";s:5:"value";s:4:"1.25";}";s:24:"headline-spacing-l-small";s:50:"a:2:{s:4:"unit";s:3:"rem";s:5:"value";s:4:"1.75";}";s:23:"headline-spacing-medium";s:47:"a:2:{s:4:"unit";s:3:"rem";s:5:"value";s:1:"1";}";s:25:"headline-spacing-s-medium";s:51:"a:2:{s:4:"unit";s:3:"rem";s:5:"value";s:5:"1.562";}";s:25:"headline-spacing-l-medium";s:51:"a:2:{s:4:"unit";s:3:"rem";s:5:"value";s:5:"2.187";}";s:22:"headline-spacing-large";s:47:"a:2:{s:4:"unit";s:3:"rem";s:5:"value";s:1:"1";}";s:24:"headline-spacing-s-large";s:51:"a:2:{s:4:"unit";s:3:"rem";s:5:"value";s:5:"1.875";}";s:24:"headline-spacing-l-large";s:47:"a:2:{s:4:"unit";s:3:"rem";s:5:"value";s:1:"3";}";s:17:"x-spacing-large-m";s:48:"a:2:{s:4:"unit";s:2:"px";s:5:"value";s:3:"900";}";s:17:"x-spacing-large-l";s:49:"a:2:{s:4:"unit";s:2:"px";s:5:"value";s:4:"1100";}";s:15:"x-spacing-small";s:49:"a:2:{s:4:"unit";s:2:"px";s:5:"value";s:4:"1400";}";s:21:"article-outer-padding";s:46:"a:2:{s:4:"unit";s:2:"px";s:5:"value";s:1:"0";}";s:24:"article-outer-padding-xs";s:46:"a:2:{s:4:"unit";s:2:"px";s:5:"value";s:1:"0";}";s:23:"article-outer-padding-s";s:46:"a:2:{s:4:"unit";s:2:"px";s:5:"value";s:1:"0";}";s:24:"article-spacing-xs-small";s:49:"a:2:{s:4:"unit";s:3:"rem";s:5:"value";s:3:"2.5";}";s:23:"article-spacing-s-small";s:51:"a:2:{s:4:"unit";s:3:"rem";s:5:"value";s:5:"3.125";}";s:23:"article-spacing-m-small";s:50:"a:2:{s:4:"unit";s:3:"rem";s:5:"value";s:4:"3.75";}";s:23:"article-spacing-l-small";s:51:"a:2:{s:4:"unit";s:3:"rem";s:5:"value";s:5:"4.375";}";s:24:"article-spacing-xl-small";s:68:"a:2:{s:4:"unit";s:0:"";s:5:"value";s:24:"$article-spacing-l-small";}";s:25:"article-spacing-xs-medium";s:49:"a:2:{s:4:"unit";s:3:"rem";s:5:"value";s:3:"2.5";}";s:24:"article-spacing-s-medium";s:50:"a:2:{s:4:"unit";s:3:"rem";s:5:"value";s:4:"3.75";}";s:24:"article-spacing-m-medium";s:47:"a:2:{s:4:"unit";s:3:"rem";s:5:"value";s:1:"5";}";s:24:"article-spacing-l-medium";s:49:"a:2:{s:4:"unit";s:3:"rem";s:5:"value";s:3:"7.5";}";s:25:"article-spacing-xl-medium";s:69:"a:2:{s:4:"unit";s:0:"";s:5:"value";s:25:"$article-spacing-l-medium";}";s:24:"article-spacing-xs-large";s:49:"a:2:{s:4:"unit";s:3:"rem";s:5:"value";s:3:"2.5";}";s:23:"article-spacing-s-large";s:51:"a:2:{s:4:"unit";s:3:"rem";s:5:"value";s:5:"4.375";}";s:23:"article-spacing-m-large";s:52:"a:2:{s:4:"unit";s:3:"rem";s:5:"value";s:6:"5.9375";}";s:23:"article-spacing-l-large";s:51:"a:2:{s:4:"unit";s:3:"rem";s:5:"value";s:5:"9.375";}";s:24:"article-spacing-xl-large";s:68:"a:2:{s:4:"unit";s:0:"";s:5:"value";s:24:"$article-spacing-l-large";}";s:27:"article-main-spacing-bottom";s:63:"a:2:{s:4:"unit";s:0:"";s:5:"value";s:19:"var(--gtr-half-btm)";}";s:19:"article-min-vheight";s:48:"a:2:{s:4:"unit";s:2:"px";s:5:"value";s:3:"680";}";s:23:"article-options-vheight";s:9:"50,75,100";s:16:"link-font-weight";s:17:"$font-weight-base";s:18:"link-color-regular";s:8:"$primary";s:24:"link-hover-color-regular";s:32:"darken($link-color-regular, 15%)";s:23:"link-decoration-regular";s:4:"none";s:29:"link-hover-decoration-regular";s:4:"none";s:17:"link-color-invert";s:18:"$text-color-invert";s:23:"link-hover-color-invert";s:18:"$text-color-invert";s:22:"link-decoration-invert";s:4:"none";s:28:"link-hover-decoration-invert";s:9:"underline";s:16:"link-color-extra";s:6:"33bbcc";s:22:"link-hover-color-extra";s:30:"darken($link-color-extra, 15%)";s:21:"link-decoration-extra";s:4:"none";s:27:"link-hover-decoration-extra";s:4:"none";s:11:"breakpoints";s:271:"a:5:{i:0;a:2:{s:3:"key";s:2:"xs";s:5:"value";s:5:"600px";}i:1;a:2:{s:3:"key";s:1:"s";s:5:"value";s:5:"768px";}i:2;a:2:{s:3:"key";s:1:"m";s:5:"value";s:6:"1024px";}i:3;a:2:{s:3:"key";s:1:"l";s:5:"value";s:6:"1264px";}i:4;a:2:{s:3:"key";s:2:"xl";s:5:"value";s:6:"1921px";}}";s:25:"layout-column-small-break";s:1:"s";s:26:"layout-column-medium-break";s:1:"m";s:25:"layout-column-large-break";s:1:"l";s:25:"layout-column-width-small";s:48:"a:2:{s:4:"unit";s:2:"px";s:5:"value";s:3:"200";}";s:26:"layout-column-width-medium";s:48:"a:2:{s:4:"unit";s:2:"px";s:5:"value";s:3:"300";}";s:25:"layout-column-width-large";s:48:"a:2:{s:4:"unit";s:2:"px";s:5:"value";s:3:"330";}";s:26:"layout-column-gutter-small";s:47:"a:2:{s:4:"unit";s:3:"rem";s:5:"value";s:1:"1";}";s:27:"layout-column-gutter-medium";s:47:"a:2:{s:4:"unit";s:3:"rem";s:5:"value";s:1:"2";}";s:26:"layout-column-gutter-large";s:47:"a:2:{s:4:"unit";s:3:"rem";s:5:"value";s:1:"3";}";s:12:"grid-columns";s:2:"12";s:17:"grid-gutter-width";s:47:"a:2:{s:4:"unit";s:3:"rem";s:5:"value";s:1:"2";}";s:18:"grid-gutter-bottom";s:62:"a:2:{s:4:"unit";s:0:"";s:5:"value";s:18:"$grid-gutter-width";}";s:22:"form-input-font-family";s:18:"var(--font-family)";s:25:"form-textarea-line-height";s:19:"var(--leading-base)";s:18:"form-input-padding";s:104:"a:5:{s:6:"bottom";s:0:"";s:4:"left";s:0:"";s:5:"right";s:2:"18";s:3:"top";s:2:"12";s:4:"unit";s:2:"px";}";s:17:"form-input-height";s:47:"a:2:{s:4:"unit";s:2:"px";s:5:"value";s:2:"50";}";s:23:"form-multiselect-height";s:47:"a:2:{s:4:"unit";s:2:"px";s:5:"value";s:2:"80";}";s:22:"form-input-font-weight";s:20:"$font-weight-regular";s:20:"form-input-font-size";s:59:"a:2:{s:4:"unit";s:0:"";s:5:"value";s:15:"$font-size-base";}";s:26:"form-input-font-size-error";s:59:"a:2:{s:4:"unit";s:0:"";s:5:"value";s:15:"$font-size-base";}";s:24:"form-input-border-radius";s:101:"a:5:{s:6:"bottom";s:0:"";s:4:"left";s:0:"";s:5:"right";s:0:"";s:3:"top";s:1:"6";s:4:"unit";s:2:"px";}";s:23:"form-input-border-width";s:46:"a:2:{s:4:"unit";s:2:"px";s:5:"value";s:1:"2";}";s:23:"form-input-border-style";s:5:"solid";s:23:"form-input-border-color";s:21:"lighten($primary, 33)";s:29:"form-input-border-color-hover";s:21:"lighten($primary, 20)";s:29:"form-input-border-color-focus";s:8:"$primary";s:29:"form-input-border-color-error";s:6:"b46869";s:21:"form-input-background";s:14:"var(--body-bg)";s:27:"form-input-background-hover";s:14:"var(--body-bg)";s:27:"form-input-background-focus";s:14:"var(--body-bg)";s:27:"form-input-background-error";s:14:"var(--body-bg)";s:16:"form-input-color";s:20:"var(--text-clr-base)";s:22:"form-input-color-hover";s:20:"var(--text-clr-base)";s:22:"form-input-color-focus";s:20:"var(--text-clr-base)";s:22:"form-input-color-error";s:6:"b46869";s:28:"form-input-placeholder-color";s:6:"cccccc";s:34:"form-input-placeholder-color-hover";s:6:"b4b4b4";s:34:"form-input-placeholder-color-focus";s:6:"b4b4b4";s:34:"form-input-placeholder-color-error";s:6:"b46869";s:25:"form-input-color-disabled";s:6:"5c5c5c";s:16:"form-label-color";s:20:"var(--text-clr-base)";s:23:"form-label-color-invert";s:22:"var(--text-clr-invert)";s:20:"form-label-font-size";s:47:"a:2:{s:4:"unit";s:2:"px";s:5:"value";s:2:"15";}";s:18:"form-label-spacing";s:46:"a:2:{s:4:"unit";s:2:"px";s:5:"value";s:1:"5";}";s:22:"form-label-font-weight";s:19:"$font-weight-medium";s:23:"form-legend-font-weight";s:21:"$font-weight-semibold";s:18:"form-select-symbol";s:7:""\25BC"";s:28:"form-select-symbol-font-size";s:47:"a:2:{s:4:"unit";s:2:"px";s:5:"value";s:2:"16";}";s:24:"form-select-symbol-color";s:18:"var(--clr-primary)";s:30:"form-select-symbol-font-family";s:30:""ctm-icon", var(--font-family)";s:24:"form-select-option-color";s:20:"var(--text-clr-base)";s:29:"form-select-option-background";s:18:"var(--form-clr-bg)";s:26:"form-checkbox-radio-symbol";s:5:""✔"";s:36:"form-checkbox-radio-symbol-font-size";s:47:"a:2:{s:4:"unit";s:2:"px";s:5:"value";s:2:"20";}";s:32:"form-checkbox-radio-symbol-color";s:8:"$primary";s:38:"form-checkbox-radio-symbol-font-family";s:30:""ctm-icon", var(--font-family)";s:24:"form-checkbox-radio-size";s:47:"a:2:{s:4:"unit";s:2:"px";s:5:"value";s:2:"24";}";s:35:"form-checkbox-radio-label-font-size";s:59:"a:2:{s:4:"unit";s:0:"";s:5:"value";s:15:"$font-size-base";}";s:37:"form-checkbox-radio-label-line-height";s:17:"$line-height-base";s:27:"form-checkbox-border-radius";s:101:"a:5:{s:6:"bottom";s:0:"";s:4:"left";s:0:"";s:5:"right";s:0:"";s:3:"top";s:1:"6";s:4:"unit";s:2:"px";}";s:32:"form-checkbox-radio-border-width";s:46:"a:2:{s:4:"unit";s:2:"px";s:5:"value";s:1:"2";}";s:32:"form-checkbox-radio-border-style";s:5:"solid";s:32:"form-checkbox-radio-border-color";s:24:"$form-input-border-color";s:38:"form-checkbox-radio-border-color-hover";s:30:"$form-input-border-color-hover";s:38:"form-checkbox-radio-border-color-focus";s:30:"$form-input-border-color-focus";s:30:"form-checkbox-radio-background";s:14:"var(--body-bg)";s:36:"form-checkbox-radio-background-hover";s:14:"var(--body-bg)";s:36:"form-checkbox-radio-background-focus";s:14:"var(--body-bg)";s:31:"form-checkbox-radio-label-color";s:20:"var(--text-clr-base)";s:38:"form-checkbox-radio-label-color-invert";s:22:"var(--text-clr-invert)";s:15:"form-validation";s:8:"Disabled";s:30:"form-checkbox-radio-auto-align";s:6:"Active";s:32:"form-input-explanation-font-size";s:59:"a:2:{s:4:"unit";s:0:"";s:5:"value";s:15:"$font-size-base";}";s:28:"form-input-explanation-color";s:20:"var(--text-clr-base)";s:35:"form-input-explanation-color-invert";s:22:"var(--text-clr-invert)";s:33:"form-input-mandatory-symbol-color";s:6:"cccccc";s:39:"form-input-mandatory-symbol-color-error";s:6:"b46869";s:22:"form-field-image-width";s:48:"a:2:{s:4:"unit";s:2:"px";s:5:"value";s:3:"100";}";s:23:"form-field-image-height";s:67:"a:2:{s:4:"unit";s:0:"";s:5:"value";s:23:"$form-field-image-width";}";s:20:"form-field-icon-size";s:65:"a:2:{s:4:"unit";s:0:"";s:5:"value";s:21:"$form-input-font-size";}";s:21:"form-field-icon-color";s:17:"$form-input-color";s:26:"form-field-icon-background";s:22:"$form-input-background";s:16:"icon-font-family";s:10:""ctm-icon"";s:14:"icon-size-tiny";s:47:"a:2:{s:4:"unit";s:3:"rem";s:5:"value";s:1:"2";}";s:15:"icon-size-small";s:47:"a:2:{s:4:"unit";s:3:"rem";s:5:"value";s:1:"3";}";s:16:"icon-size-medium";s:47:"a:2:{s:4:"unit";s:3:"rem";s:5:"value";s:1:"4";}";s:15:"icon-size-large";s:47:"a:2:{s:4:"unit";s:3:"rem";s:5:"value";s:1:"5";}";s:15:"icon-size-super";s:47:"a:2:{s:4:"unit";s:3:"rem";s:5:"value";s:1:"6";}";s:18:"icon-shape-spacing";s:104:"a:5:{s:6:"bottom";s:0:"";s:4:"left";s:0:"";s:5:"right";s:0:"";s:3:"top";s:3:"1.5";s:4:"unit";s:3:"rem";}";s:19:"icon-outlined-width";s:46:"a:2:{s:4:"unit";s:2:"px";s:5:"value";s:1:"2";}";s:18:"button-line-height";s:1:"1";s:22:"button-font-size-small";s:47:"a:2:{s:4:"unit";s:3:"rem";s:5:"value";s:1:"1";}";s:23:"button-font-size-medium";s:47:"a:2:{s:4:"unit";s:3:"rem";s:5:"value";s:1:"1";}";s:22:"button-font-size-large";s:47:"a:2:{s:4:"unit";s:3:"rem";s:5:"value";s:1:"1";}";s:22:"button-font-size-super";s:47:"a:2:{s:4:"unit";s:3:"rem";s:5:"value";s:1:"1";}";s:20:"button-padding-small";s:108:"a:5:{s:6:"bottom";s:0:"";s:4:"left";s:0:"";s:5:"right";s:3:"1.5";s:3:"top";s:4:"0.75";s:4:"unit";s:3:"rem";}";s:21:"button-padding-medium";s:103:"a:5:{s:6:"bottom";s:0:"";s:4:"left";s:0:"";s:5:"right";s:1:"2";s:3:"top";s:1:"1";s:4:"unit";s:3:"rem";}";s:20:"button-padding-large";s:108:"a:5:{s:6:"bottom";s:0:"";s:4:"left";s:0:"";s:5:"right";s:3:"2.5";s:3:"top";s:4:"1.25";s:4:"unit";s:3:"rem";}";s:20:"button-padding-super";s:105:"a:5:{s:6:"bottom";s:0:"";s:4:"left";s:0:"";s:5:"right";s:1:"3";s:3:"top";s:3:"1.5";s:4:"unit";s:3:"rem";}";s:26:"button-font-weight-primary";s:17:"$font-weight-base";s:24:"button-transform-primary";s:4:"none";s:25:"button-decoration-primary";s:4:"none";s:31:"button-hover-decoration-primary";s:4:"none";s:17:"button-bg-primary";s:8:"$primary";s:23:"button-hover-bg-primary";s:30:"darken($button-bg-primary, 10)";s:24:"button-bg-primary-invert";s:11:"transparent";s:30:"button-hover-bg-primary-invert";s:30:"darken($button-bg-primary, 10)";s:20:"button-color-primary";s:18:"$text-color-invert";s:26:"button-hover-color-primary";s:18:"$text-color-invert";s:27:"button-color-primary-invert";s:18:"$text-color-invert";s:33:"button-hover-color-primary-invert";s:18:"$text-color-invert";s:27:"button-border-color-primary";s:18:"$button-bg-primary";s:33:"button-hover-border-color-primary";s:24:"$button-hover-bg-primary";s:34:"button-border-color-primary-invert";s:21:"$button-color-primary";s:40:"button-hover-border-color-primary-invert";s:24:"$button-hover-bg-primary";s:28:"button-border-radius-primary";s:101:"a:5:{s:6:"bottom";s:0:"";s:4:"left";s:0:"";s:5:"right";s:0:"";s:3:"top";s:1:"6";s:4:"unit";s:2:"px";}";s:27:"button-border-width-primary";s:101:"a:5:{s:6:"bottom";s:0:"";s:4:"left";s:0:"";s:5:"right";s:0:"";s:3:"top";s:1:"2";s:4:"unit";s:2:"px";}";s:27:"button-border-style-primary";s:5:"solid";s:28:"button-font-weight-secondary";s:17:"$font-weight-base";s:26:"button-transform-secondary";s:4:"none";s:27:"button-decoration-secondary";s:4:"none";s:33:"button-hover-decoration-secondary";s:4:"none";s:19:"button-bg-secondary";s:10:"$secondary";s:25:"button-hover-bg-secondary";s:32:"darken($button-bg-secondary, 10)";s:26:"button-bg-secondary-invert";s:11:"transparent";s:32:"button-hover-bg-secondary-invert";s:32:"darken($button-bg-secondary, 10)";s:22:"button-color-secondary";s:18:"$text-color-invert";s:28:"button-hover-color-secondary";s:18:"$text-color-invert";s:29:"button-color-secondary-invert";s:18:"$text-color-invert";s:35:"button-hover-color-secondary-invert";s:18:"$text-color-invert";s:29:"button-border-color-secondary";s:20:"$button-bg-secondary";s:35:"button-hover-border-color-secondary";s:26:"$button-hover-bg-secondary";s:36:"button-border-color-secondary-invert";s:23:"$button-color-secondary";s:42:"button-hover-border-color-secondary-invert";s:26:"$button-hover-bg-secondary";s:30:"button-border-radius-secondary";s:101:"a:5:{s:6:"bottom";s:0:"";s:4:"left";s:0:"";s:5:"right";s:0:"";s:3:"top";s:1:"6";s:4:"unit";s:2:"px";}";s:29:"button-border-width-secondary";s:101:"a:5:{s:6:"bottom";s:0:"";s:4:"left";s:0:"";s:5:"right";s:0:"";s:3:"top";s:1:"2";s:4:"unit";s:2:"px";}";s:29:"button-border-style-secondary";s:5:"solid";s:22:"button-font-weight-alt";s:17:"$font-weight-base";s:20:"button-transform-alt";s:4:"none";s:21:"button-decoration-alt";s:4:"none";s:27:"button-hover-decoration-alt";s:4:"none";s:13:"button-bg-alt";s:5:"$dark";s:19:"button-hover-bg-alt";s:26:"darken($button-bg-alt, 10)";s:20:"button-bg-alt-invert";s:11:"transparent";s:26:"button-hover-bg-alt-invert";s:26:"darken($button-bg-alt, 10)";s:16:"button-color-alt";s:18:"$text-color-invert";s:22:"button-hover-color-alt";s:18:"$text-color-invert";s:23:"button-color-alt-invert";s:18:"$text-color-invert";s:29:"button-hover-color-alt-invert";s:18:"$text-color-invert";s:23:"button-border-color-alt";s:14:"$button-bg-alt";s:29:"button-hover-border-color-alt";s:20:"$button-hover-bg-alt";s:30:"button-border-color-alt-invert";s:17:"$button-color-alt";s:36:"button-hover-border-color-alt-invert";s:20:"$button-hover-bg-alt";s:24:"button-border-radius-alt";s:101:"a:5:{s:6:"bottom";s:0:"";s:4:"left";s:0:"";s:5:"right";s:0:"";s:3:"top";s:1:"6";s:4:"unit";s:2:"px";}";s:23:"button-border-width-alt";s:101:"a:5:{s:6:"bottom";s:0:"";s:4:"left";s:0:"";s:5:"right";s:0:"";s:3:"top";s:1:"2";s:4:"unit";s:2:"px";}";s:23:"button-border-style-alt";s:5:"solid";s:17:"paragraph-spacing";s:47:"a:2:{s:4:"unit";s:3:"rem";s:5:"value";s:1:"1";}";s:21:"element-spacing-small";s:47:"a:2:{s:4:"unit";s:3:"rem";s:5:"value";s:1:"1";}";s:22:"element-spacing-medium";s:47:"a:2:{s:4:"unit";s:3:"rem";s:5:"value";s:1:"2";}";s:21:"element-spacing-large";s:47:"a:2:{s:4:"unit";s:3:"rem";s:5:"value";s:1:"3";}";s:24:"top-bottom-padding-small";s:47:"a:2:{s:4:"unit";s:3:"rem";s:5:"value";s:1:"1";}";s:25:"top-bottom-padding-medium";s:47:"a:2:{s:4:"unit";s:3:"rem";s:5:"value";s:1:"2";}";s:24:"top-bottom-padding-large";s:47:"a:2:{s:4:"unit";s:3:"rem";s:5:"value";s:1:"3";}";s:24:"left-right-padding-small";s:47:"a:2:{s:4:"unit";s:3:"rem";s:5:"value";s:1:"1";}";s:25:"left-right-padding-medium";s:47:"a:2:{s:4:"unit";s:3:"rem";s:5:"value";s:1:"2";}";s:24:"left-right-padding-large";s:47:"a:2:{s:4:"unit";s:3:"rem";s:5:"value";s:1:"3";}";s:23:"top-bottom-margin-small";s:47:"a:2:{s:4:"unit";s:3:"rem";s:5:"value";s:1:"1";}";s:24:"top-bottom-margin-medium";s:47:"a:2:{s:4:"unit";s:3:"rem";s:5:"value";s:1:"2";}";s:23:"top-bottom-margin-large";s:47:"a:2:{s:4:"unit";s:3:"rem";s:5:"value";s:1:"3";}";s:23:"left-right-margin-small";s:47:"a:2:{s:4:"unit";s:3:"rem";s:5:"value";s:1:"1";}";s:24:"left-right-margin-medium";s:47:"a:2:{s:4:"unit";s:3:"rem";s:5:"value";s:1:"2";}";s:23:"left-right-margin-large";s:47:"a:2:{s:4:"unit";s:3:"rem";s:5:"value";s:1:"3";}";s:12:"divider-size";s:46:"a:2:{s:4:"unit";s:2:"px";s:5:"value";s:1:"1";}";s:13:"divider-style";s:5:"solid";s:13:"divider-color";s:6:"cccccc";s:22:"boxed-background-color";s:14:"var(--body-bg)";s:18:"boxed-border-color";s:20:"rgba(227,227,227,.5)";s:19:"boxed-border-radius";s:101:"a:5:{s:6:"bottom";s:0:"";s:4:"left";s:0:"";s:5:"right";s:0:"";s:3:"top";s:1:"6";s:4:"unit";s:2:"px";}";s:18:"boxed-border-width";s:101:"a:5:{s:6:"bottom";s:0:"";s:4:"left";s:0:"";s:5:"right";s:0:"";s:3:"top";s:1:"1";s:4:"unit";s:2:"px";}";s:18:"boxed-border-style";s:5:"solid";s:18:"table-cell-spacing";s:99:"a:5:{s:6:"bottom";s:0:"";s:4:"left";s:0:"";s:5:"right";s:0:"";s:3:"top";s:1:"0";s:4:"unit";s:0:"";}";s:18:"table-cell-padding";s:102:"a:5:{s:6:"bottom";s:0:"";s:4:"left";s:0:"";s:5:"right";s:0:"";s:3:"top";s:1:"1";s:4:"unit";s:3:"rem";}";s:24:"table-cell-border-radius";s:99:"a:5:{s:6:"bottom";s:0:"";s:4:"left";s:0:"";s:5:"right";s:0:"";s:3:"top";s:1:"0";s:4:"unit";s:0:"";}";s:18:"table-border-color";s:6:"cccccc";s:18:"table-border-style";s:5:"solid";s:18:"table-border-width";s:99:"a:5:{s:6:"bottom";s:0:"";s:4:"left";s:0:"";s:5:"right";s:0:"";s:3:"top";s:1:"0";s:4:"unit";s:0:"";}";s:23:"table-head-border-color";s:6:"cccccc";s:23:"table-head-border-style";s:5:"solid";s:23:"table-head-border-width";s:103:"a:5:{s:6:"bottom";s:1:"1";s:4:"left";s:0:"";s:5:"right";s:1:"0";s:3:"top";s:1:"0";s:4:"unit";s:2:"px";}";s:23:"table-cell-border-color";s:6:"cccccc";s:23:"table-cell-border-style";s:5:"solid";s:23:"table-cell-border-width";s:103:"a:5:{s:6:"bottom";s:1:"1";s:4:"left";s:0:"";s:5:"right";s:1:"0";s:3:"top";s:1:"0";s:4:"unit";s:2:"px";}";s:18:"table-caption-side";s:6:"bottom";s:23:"table-caption-alignment";s:6:"center";s:21:"table-caption-padding";s:102:"a:5:{s:6:"bottom";s:0:"";s:4:"left";s:0:"";s:5:"right";s:0:"";s:3:"top";s:1:"1";s:4:"unit";s:3:"rem";}";s:19:"table-caption-color";s:6:"cccccc";s:24:"table-caption-background";s:11:"transparent";s:23:"table-caption-font-size";s:47:"a:2:{s:4:"unit";s:2:"px";s:5:"value";s:2:"14";}";s:16:"table-text-align";s:7:"inherit";s:22:"table-head-font-weight";s:3:"600";s:22:"table-body-font-weight";s:3:"400";s:22:"table-foot-font-weight";s:3:"600";s:16:"table-head-color";s:22:"var(--text-clr-invert)";s:21:"table-head-background";s:18:"var(--clr-primary)";s:16:"table-foot-color";s:22:"var(--text-clr-invert)";s:21:"table-foot-background";s:18:"var(--clr-primary)";s:21:"table-body-even-color";s:20:"var(--text-clr-base)";s:26:"table-body-even-background";s:16:"var(--clr-light)";s:20:"table-body-odd-color";s:20:"var(--text-clr-base)";s:25:"table-body-odd-background";s:14:"var(--body-bg)";s:30:"image-text-behaviour-min-width";s:48:"a:2:{s:4:"unit";s:2:"px";s:5:"value";s:3:"680";}";s:24:"image-text-ratio-options";s:21:"25,33,38,40,50,80,100";s:9:"header-bg";s:8:"$body-bg";s:13:"header-height";s:47:"a:2:{s:4:"unit";s:2:"px";s:5:"value";s:2:"60";}";s:16:"header-height-xs";s:47:"a:2:{s:4:"unit";s:2:"px";s:5:"value";s:2:"60";}";s:15:"header-height-s";s:47:"a:2:{s:4:"unit";s:2:"px";s:5:"value";s:2:"60";}";s:15:"header-height-m";s:47:"a:2:{s:4:"unit";s:2:"px";s:5:"value";s:2:"80";}";s:15:"header-height-l";s:47:"a:2:{s:4:"unit";s:2:"px";s:5:"value";s:2:"80";}";s:16:"header-height-xl";s:47:"a:2:{s:4:"unit";s:2:"px";s:5:"value";s:2:"80";}";s:14:"header-padding";s:105:"a:5:{s:6:"bottom";s:0:"";s:4:"left";s:0:"";s:5:"right";s:1:"1";s:3:"top";s:3:"0.5";s:4:"unit";s:3:"rem";}";s:25:"header-alignment-vertical";s:6:"center";s:27:"header-alignment-horizontal";s:13:"space-between";s:30:"navigation-behaviour-min-width";s:48:"a:2:{s:4:"unit";s:2:"px";s:5:"value";s:3:"768";}";s:25:"navigation-item-font-size";s:47:"a:2:{s:4:"unit";s:2:"px";s:5:"value";s:2:"17";}";s:27:"navigation-item-font-weight";s:21:"$font-weight-semibold";s:23:"navigation-item-padding";s:105:"a:5:{s:6:"bottom";s:0:"";s:4:"left";s:0:"";s:5:"right";s:1:"1";s:3:"top";s:3:"0.5";s:4:"unit";s:3:"rem";}";s:20:"breadcrumb-separator";s:5:""›"";s:26:"breadcrumb-separator-color";s:7:"inherit";s:32:"breadcrumb-separator-font-family";s:30:""ctm-icon", var(--font-family)";s:10:"box-shadow";s:28:"0 .5rem 1rem rgba(#000, .15)";s:15:"selection-color";s:22:"var(--text-clr-invert)";s:22:"selection-color-invert";s:20:"var(--text-clr-base)";s:12:"selection-bg";s:18:"var(--clr-primary)";s:19:"selection-bg-invert";s:14:"var(--body-bg)";s:13:"aspect-ratios";s:38:"(4:5),(1:1),(4:3),(3:2),(16:10),(16:9)";}</field>
    </row>
  </table>
  <table name="tl_image_size"/>
  <table name="tl_image_size_item"/>
  <table name="tl_module">
    <row>
      <field name="id">2</field>
      <field name="pid">1</field>
      <field name="tstamp">1696932748</field>
      <field name="name">Header :: Logo</field>
      <field name="headline">a:2:{s:5:"value";s:0:"";s:4:"unit";s:2:"h2";}</field>
      <field name="type">html</field>
      <field name="levelOffset">0</field>
      <field name="showLevel">0</field>
      <field name="hardLimit">0</field>
      <field name="showProtected">0</field>
      <field name="defineRoot">0</field>
      <field name="rootPage">0</field>
      <field name="navigationTpl"></field>
      <field name="customTpl"></field>
      <field name="pages">NULL</field>
      <field name="showHidden">0</field>
      <field name="customLabel"></field>
      <field name="autologin">0</field>
      <field name="jumpTo">0</field>
      <field name="overviewPage">0</field>
      <field name="redirectBack">0</field>
      <field name="editable">NULL</field>
      <field name="memberTpl"></field>
      <field name="form">0</field>
      <field name="queryType">and</field>
      <field name="fuzzy">0</field>
      <field name="contextLength"></field>
      <field name="minKeywordLength">4</field>
      <field name="perPage">0</field>
      <field name="searchType">simple</field>
      <field name="searchTpl"></field>
      <field name="inColumn">main</field>
      <field name="skipFirst">0</field>
      <field name="loadFirst">0</field>
      <field name="singleSRC">NULL</field>
      <field name="imgSize"></field>
      <field name="useCaption">0</field>
      <field name="fullsize">0</field>
      <field name="multiSRC">NULL</field>
      <field name="html">&lt;div class="ce_image block"&gt;
	&lt;div class="inside"&gt;
		&lt;figure class="image_container"&gt;
			&lt;img src="files/theme/media/logo/contao-thememanager.svg" width="230" height="43" alt="Contao ThemeManager Logo"&gt;
		&lt;/figure&gt;
	&lt;/div&gt;
&lt;/div&gt;</field>
      <field name="rss_cache">3600</field>
      <field name="rss_feed">NULL</field>
      <field name="rss_template"></field>
      <field name="numberOfItems">3</field>
      <field name="disableCaptcha">0</field>
      <field name="reg_groups">NULL</field>
      <field name="reg_allowLogin">0</field>
      <field name="reg_skipName">0</field>
      <field name="reg_close"></field>
      <field name="reg_deleteDir">0</field>
      <field name="reg_assignDir">0</field>
      <field name="reg_homeDir">NULL</field>
      <field name="reg_activate">0</field>
      <field name="reg_jumpTo">0</field>
      <field name="reg_text">NULL</field>
      <field name="reg_password">NULL</field>
      <field name="data">NULL</field>
      <field name="protected">0</field>
      <field name="groups">NULL</field>
      <field name="cssID">NULL</field>
      <field name="rootPageDependentModules">NULL</field>
      <field name="rsce_data">NULL</field>
      <field name="faq_categories">NULL</field>
      <field name="faq_readerModule">0</field>
      <field name="com_order">ascending</field>
      <field name="com_moderate">0</field>
      <field name="com_bbcode">0</field>
      <field name="com_requireLogin">0</field>
      <field name="com_disableCaptcha">0</field>
      <field name="com_template"></field>
      <field name="news_archives">NULL</field>
      <field name="news_featured">all_items</field>
      <field name="news_jumpToCurrent"></field>
      <field name="news_readerModule">0</field>
      <field name="news_template"></field>
      <field name="news_format">news_month</field>
      <field name="news_startDay">0</field>
      <field name="news_order">order_date_desc</field>
      <field name="news_showQuantity">0</field>
      <field name="list_table"></field>
      <field name="list_fields">NULL</field>
      <field name="list_where">NULL</field>
      <field name="list_search">NULL</field>
      <field name="list_sort">NULL</field>
      <field name="list_info">NULL</field>
      <field name="list_info_where">NULL</field>
      <field name="list_layout"></field>
      <field name="list_info_layout"></field>
      <field name="cal_calendar">NULL</field>
      <field name="cal_noSpan">0</field>
      <field name="cal_hideRunning">0</field>
      <field name="cal_startDay">1</field>
      <field name="cal_format">cal_month</field>
      <field name="cal_ignoreDynamic">0</field>
      <field name="cal_order">ascending</field>
      <field name="cal_readerModule">0</field>
      <field name="cal_limit">0</field>
      <field name="cal_template"></field>
      <field name="cal_ctemplate"></field>
      <field name="cal_showQuantity">0</field>
      <field name="cal_featured">all_items</field>
      <field name="newsletters">NULL</field>
      <field name="nl_channels">NULL</field>
      <field name="nl_text">NULL</field>
      <field name="nl_hideChannels">0</field>
      <field name="nl_subscribe">NULL</field>
      <field name="nl_unsubscribe">NULL</field>
      <field name="nl_template"></field>
      <field name="styleManager">NULL</field>
      <field name="headlineStyle"></field>
      <field name="headline2">a:2:{s:5:"value";s:0:"";s:4:"unit";s:2:"h3";}</field>
      <field name="headline2Style"></field>
      <field name="news_removeBy"></field>
      <field name="news_datimFormat"></field>
      <field name="showFaqInfo"></field>
      <field name="unfilteredHtml">NULL</field>
    </row>
    <row>
      <field name="id">1</field>
      <field name="pid">1</field>
      <field name="tstamp">1696859889</field>
      <field name="name">Header :: Navigation</field>
      <field name="headline">a:2:{s:4:"unit";s:2:"h2";s:5:"value";s:0:"";}</field>
      <field name="type">navigation</field>
      <field name="levelOffset">0</field>
      <field name="showLevel">0</field>
      <field name="hardLimit">0</field>
      <field name="showProtected">0</field>
      <field name="defineRoot">0</field>
      <field name="rootPage">0</field>
      <field name="navigationTpl"></field>
      <field name="customTpl"></field>
      <field name="pages">NULL</field>
      <field name="showHidden">0</field>
      <field name="customLabel"></field>
      <field name="autologin">0</field>
      <field name="jumpTo">0</field>
      <field name="overviewPage">0</field>
      <field name="redirectBack">0</field>
      <field name="editable">NULL</field>
      <field name="memberTpl"></field>
      <field name="form">0</field>
      <field name="queryType">and</field>
      <field name="fuzzy">0</field>
      <field name="contextLength"></field>
      <field name="minKeywordLength">4</field>
      <field name="perPage">0</field>
      <field name="searchType">simple</field>
      <field name="searchTpl"></field>
      <field name="inColumn">main</field>
      <field name="skipFirst">0</field>
      <field name="loadFirst">0</field>
      <field name="singleSRC">NULL</field>
      <field name="imgSize"></field>
      <field name="useCaption">0</field>
      <field name="fullsize">0</field>
      <field name="multiSRC">NULL</field>
      <field name="html">NULL</field>
      <field name="rss_cache">3600</field>
      <field name="rss_feed">NULL</field>
      <field name="rss_template"></field>
      <field name="numberOfItems">3</field>
      <field name="disableCaptcha">0</field>
      <field name="reg_groups">NULL</field>
      <field name="reg_allowLogin">0</field>
      <field name="reg_skipName">0</field>
      <field name="reg_close"></field>
      <field name="reg_deleteDir">0</field>
      <field name="reg_assignDir">0</field>
      <field name="reg_homeDir">NULL</field>
      <field name="reg_activate">0</field>
      <field name="reg_jumpTo">0</field>
      <field name="reg_text">NULL</field>
      <field name="reg_password">NULL</field>
      <field name="data">NULL</field>
      <field name="protected">0</field>
      <field name="groups">NULL</field>
      <field name="cssID">a:2:{i:0;s:0:"";i:1;s:9:"nav nav-x";}</field>
      <field name="rootPageDependentModules">NULL</field>
      <field name="rsce_data">NULL</field>
      <field name="faq_categories">NULL</field>
      <field name="faq_readerModule">0</field>
      <field name="com_order">ascending</field>
      <field name="com_moderate">0</field>
      <field name="com_bbcode">0</field>
      <field name="com_requireLogin">0</field>
      <field name="com_disableCaptcha">0</field>
      <field name="com_template"></field>
      <field name="news_archives">NULL</field>
      <field name="news_featured">all_items</field>
      <field name="news_jumpToCurrent"></field>
      <field name="news_readerModule">0</field>
      <field name="news_template"></field>
      <field name="news_format">news_month</field>
      <field name="news_startDay">0</field>
      <field name="news_order">order_date_desc</field>
      <field name="news_showQuantity">0</field>
      <field name="list_table"></field>
      <field name="list_fields">NULL</field>
      <field name="list_where">NULL</field>
      <field name="list_search">NULL</field>
      <field name="list_sort">NULL</field>
      <field name="list_info">NULL</field>
      <field name="list_info_where">NULL</field>
      <field name="list_layout"></field>
      <field name="list_info_layout"></field>
      <field name="cal_calendar">NULL</field>
      <field name="cal_noSpan">0</field>
      <field name="cal_hideRunning">0</field>
      <field name="cal_startDay">1</field>
      <field name="cal_format">cal_month</field>
      <field name="cal_ignoreDynamic">0</field>
      <field name="cal_order">ascending</field>
      <field name="cal_readerModule">0</field>
      <field name="cal_limit">0</field>
      <field name="cal_template"></field>
      <field name="cal_ctemplate"></field>
      <field name="cal_showQuantity">0</field>
      <field name="cal_featured">all_items</field>
      <field name="newsletters">NULL</field>
      <field name="nl_channels">NULL</field>
      <field name="nl_text">NULL</field>
      <field name="nl_hideChannels">0</field>
      <field name="nl_subscribe">NULL</field>
      <field name="nl_unsubscribe">NULL</field>
      <field name="nl_template"></field>
      <field name="styleManager">a:1:{s:22:"cNavigation_navigation";s:9:"nav nav-x";}</field>
      <field name="headlineStyle"></field>
      <field name="headline2">a:2:{s:4:"unit";s:2:"h3";s:5:"value";s:0:"";}</field>
      <field name="headline2Style"></field>
      <field name="news_removeBy"></field>
      <field name="news_datimFormat"></field>
      <field name="showFaqInfo"></field>
      <field name="unfilteredHtml">NULL</field>
    </row>
  </table>
  <table name="tl_layout">
    <row>
      <field name="id">2</field>
      <field name="pid">1</field>
      <field name="tstamp">1696934422</field>
      <field name="name">Content</field>
      <field name="rows">3rw</field>
      <field name="headerHeight">a:2:{s:4:"unit";s:0:"";s:5:"value";s:0:"";}</field>
      <field name="footerHeight">a:2:{s:4:"unit";s:0:"";s:5:"value";s:0:"";}</field>
      <field name="cols">2clr</field>
      <field name="widthLeft"></field>
      <field name="widthRight">a:2:{s:4:"unit";s:0:"";s:5:"value";s:0:"";}</field>
      <field name="sections">a:2:{i:0;a:4:{s:5:"title";s:16:"Hauptspalte Oben";s:2:"id";s:10:"main-above";s:8:"template";s:13:"block_section";s:8:"position";s:6:"before";}i:1;a:4:{s:5:"title";s:17:"Hauptspalte Unten";s:2:"id";s:10:"main-below";s:8:"template";s:13:"block_section";s:8:"position";s:5:"after";}}</field>
      <field name="framework"></field>
      <field name="external">a:3:{i:0;s:22:"files/theme/_theme.css";i:1;s:21:"files/theme/_icon.css";i:2;s:27:"files/theme/_background.css";}</field>
      <field name="combineScripts">1</field>
      <field name="modules">a:6:{i:0;a:3:{s:3:"mod";s:1:"0";s:3:"col";s:6:"header";s:6:"enable";s:1:"1";}i:1;a:3:{s:3:"mod";s:1:"0";s:3:"col";s:10:"main-above";s:6:"enable";s:1:"1";}i:2;a:3:{s:3:"mod";s:1:"0";s:3:"col";s:5:"right";s:6:"enable";s:1:"1";}i:3;a:3:{s:3:"mod";s:1:"0";s:3:"col";s:4:"main";s:6:"enable";s:1:"1";}i:4;a:3:{s:3:"mod";s:1:"0";s:3:"col";s:10:"main-below";s:6:"enable";s:1:"1";}i:5;a:3:{s:3:"mod";s:1:"0";s:3:"col";s:6:"footer";s:6:"enable";s:1:"1";}}</field>
      <field name="template"></field>
      <field name="minifyMarkup">1</field>
      <field name="lightboxSize">a:3:{i:0;s:0:"";i:1;s:0:"";i:2;s:0:"";}</field>
      <field name="defaultImageDensities"></field>
      <field name="viewport">width=device-width,initial-scale=1.0,user-scalable=no</field>
      <field name="titleTag"></field>
      <field name="cssClass">layout-content-1</field>
      <field name="onload"></field>
      <field name="head">NULL</field>
      <field name="addJQuery">0</field>
      <field name="jquery">NULL</field>
      <field name="addMooTools">0</field>
      <field name="mootools">NULL</field>
      <field name="analytics">NULL</field>
      <field name="externalJs">NULL</field>
      <field name="scripts">NULL</field>
      <field name="script">NULL</field>
      <field name="static">0</field>
      <field name="width"></field>
      <field name="align">center</field>
      <field name="newsfeeds">NULL</field>
      <field name="calendarfeeds">NULL</field>
      <field name="styleManager">a:1:{s:21:"cLayout_layoutColumns";s:16:"layout-content-1";}</field>
    </row>
    <row>
      <field name="id">1</field>
      <field name="pid">1</field>
      <field name="tstamp">1696934413</field>
      <field name="name">Default</field>
      <field name="rows">3rw</field>
      <field name="headerHeight">a:2:{s:4:"unit";s:0:"";s:5:"value";s:0:"";}</field>
      <field name="footerHeight">a:2:{s:4:"unit";s:0:"";s:5:"value";s:0:"";}</field>
      <field name="cols">1cl</field>
      <field name="widthLeft"></field>
      <field name="widthRight"></field>
      <field name="sections">a:2:{i:0;a:4:{s:5:"title";s:16:"Hauptspalte Oben";s:2:"id";s:10:"main-above";s:8:"template";s:13:"block_section";s:8:"position";s:6:"before";}i:1;a:4:{s:5:"title";s:17:"Hauptspalte Unten";s:2:"id";s:10:"main-below";s:8:"template";s:13:"block_section";s:8:"position";s:5:"after";}}</field>
      <field name="framework"></field>
      <field name="external">a:3:{i:0;s:22:"files/theme/_theme.css";i:1;s:21:"files/theme/_icon.css";i:2;s:27:"files/theme/_background.css";}</field>
      <field name="combineScripts">1</field>
      <field name="modules">a:5:{i:0;a:3:{s:3:"mod";i:2;s:3:"col";s:6:"header";s:6:"enable";s:1:"1";}i:1;a:3:{s:3:"mod";i:1;s:3:"col";s:6:"header";s:6:"enable";s:1:"1";}i:2;a:3:{s:3:"mod";s:1:"0";s:3:"col";s:10:"main-above";s:6:"enable";s:1:"1";}i:3;a:3:{s:3:"mod";s:1:"0";s:3:"col";s:10:"main-below";s:6:"enable";s:1:"1";}i:4;a:3:{s:3:"mod";s:1:"0";s:3:"col";s:6:"footer";s:6:"enable";s:1:"1";}}</field>
      <field name="template"></field>
      <field name="minifyMarkup">1</field>
      <field name="lightboxSize">a:3:{i:0;s:0:"";i:1;s:0:"";i:2;s:0:"";}</field>
      <field name="defaultImageDensities"></field>
      <field name="viewport">width=device-width,initial-scale=1.0,user-scalable=no</field>
      <field name="titleTag"></field>
      <field name="cssClass">fixed undock layout-content</field>
      <field name="onload"></field>
      <field name="head">NULL</field>
      <field name="addJQuery">0</field>
      <field name="jquery">NULL</field>
      <field name="addMooTools">0</field>
      <field name="mootools">NULL</field>
      <field name="analytics">NULL</field>
      <field name="externalJs">NULL</field>
      <field name="scripts">a:1:{i:0;s:11:"js_ctm_core";}</field>
      <field name="script">NULL</field>
      <field name="static">0</field>
      <field name="width"></field>
      <field name="align">center</field>
      <field name="newsfeeds">NULL</field>
      <field name="calendarfeeds">NULL</field>
      <field name="styleManager">a:2:{s:22:"cLayout_headerPosition";s:12:"fixed undock";s:21:"cLayout_layoutColumns";s:14:"layout-content";}</field>
    </row>
  </table>
  <table name="tl_files"/>
</tables>
